label,area,perimeter,circularity,aspect_ratio,solidity,eccentricity,mean_intensity_gray,std_dev_intensity_gray,peak_intensity_gray,mean_b,mean_g,mean_r,source_file,source_object_id
Yıldız,102.5,38.38477599620819,0.8742098758917108,1.0833333333333333,0.9624413145539906,0.2756669014414682,70.74166666666666,32.40177357114201,157.0,91.91666666666667,70.11666666666666,63.641666666666666,galaksi_andromeda_galaxy_astrophotography_2_features.json,59
Yıldız,119.5,41.21320295333862,0.8841074165762514,0.9285714285714286,0.9715447154471545,0.3654905380371488,71.18115942028986,35.66231224412928,168.0,83.72463768115942,71.30434782608695,66.05072463768116,galaksi_andromeda_galaxy_astrophotography_2_features.json,74
Yıldız,266.5,61.35533821582794,0.8896155559947788,1.0,0.9779816513761468,0.3481174371387222,92.29351535836177,52.98144300280355,210.0,97.6518771331058,92.37542662116041,89.89761092150171,galaksi_andromeda_galaxy_astrophotography_2_features.json,113
Yıldız,344.0,77.59797883033752,0.7179058423256024,1.0869565217391304,0.9222520107238605,0.6625918797568706,57.67724867724868,7.086507101980023,79.0,84.79100529100529,55.645502645502646,51.05820105820106,galaksi_andromeda_galaxy_astrophotography_2_features.json,302
Yıldız,614.0,94.9116872549057,0.8565226406144122,1.0,0.9692186266771902,0.2809465025679282,105.64427480916031,51.58507559822024,213.0,161.3267175572519,100.41221374045801,94.68854961832061,galaksi_andromeda_galaxy_astrophotography_2_features.json,585
Yıldız,120.5,41.21320295333862,0.8915058049994837,1.0769230769230769,0.9717741935483871,0.33005379428999726,71.17985611510792,37.492685483004514,171.0,85.61151079136691,71.76978417266187,64.44604316546763,galaksi_andromeda_galaxy_astrophotography_2_features.json,778
Yıldız,255.5,61.35533857345581,0.8528959546226345,1.3529411764705883,0.9789272030651341,0.6562260267071949,91.34751773049645,47.35155764670086,198.0,115.58510638297872,89.0177304964539,86.6241134751773,galaksi_andromeda_galaxy_astrophotography_2_features.json,831
Galaksi,1711684.0,74272.93703508377,0.003899170798046039,1.2644422310756973,0.7157135229181415,0.9625792818786039,32.5293690448191,36.32415564403097,255.0,27.47893680122531,32.07236566603374,35.36874078578271,galaksi_andromeda_galaxy_astrophotography_3_features.json,66604
Galaksi,114810.5,37608.053065896034,0.0010200695187302597,1.0037558685446009,0.006305765980263329,0.4131549198479066,13.489998117824205,6.58087788920146,115.0,14.908360624882365,14.143203463203463,11.917364953886693,galaksi_andromeda_galaxy_astrophotography_3_features.json,91999
Yıldız,767.5,108.32590103149414,0.8219087955016774,0.8611111111111112,0.9540087010565569,0.4898713273610833,229.97177914110432,15.18420033388089,249.0,234.65398773006137,229.9276073619632,228.65889570552147,galaksi_andromeda_galaxy_astrophotography_4_features.json,6324
Yıldız,603.0,94.56854164600372,0.8472933397789689,1.103448275862069,0.9678972712680578,0.4039119027240422,106.32970451010887,69.85063048777323,254.0,106.69673405909798,106.97822706065318,104.83514774494557,galaksi_andromeda_galaxy_astrophotography_4_features.json,7497
Yıldız,731.5,104.32590043544769,0.844578284691583,1.2857142857142858,0.9838601210490922,0.6996911878626195,115.86615186615187,67.35489747135831,255.0,114.34749034749035,116.69498069498069,114.74131274131274,galaksi_andromeda_galaxy_astrophotography_4_features.json,15533
Yıldız,22.0,20.485281229019165,0.6587925570046588,1.0,0.8461538461538461,0.6675365953718317,92.28125,96.67478807030042,255.0,92.28125,92.28125,92.28125,galaksi_elliptical_galaxy_deep_sky_2_features.json,3
Yıldız,18.5,17.071067690849304,0.797737896300187,0.7142857142857143,0.9487179487179487,0.7214381877635339,135.29629629629628,96.86524232906129,255.0,135.29629629629628,135.29629629629628,135.29629629629628,galaksi_elliptical_galaxy_deep_sky_2_features.json,5
Yıldız,18.5,17.071067690849304,0.797737896300187,0.7142857142857143,0.9487179487179487,0.773484834496118,98.03703703703704,94.44750902798452,255.0,98.03703703703704,98.03703703703704,98.03703703703704,galaksi_elliptical_galaxy_deep_sky_2_features.json,98
Yıldız,15.0,15.656854152679443,0.7689393938672696,1.2,0.9375,0.6547245723946664,124.13043478260869,94.47212809483804,255.0,124.13043478260869,124.13043478260869,124.13043478260869,galaksi_elliptical_galaxy_deep_sky_2_features.json,99
Yıldız,526.5,123.982754945755,0.4304132921826483,1.1379310344827587,0.8025914634146342,0.4849806026130213,45.25301204819277,50.70001896391494,245.0,68.80206540447504,51.80895008605852,23.35800344234079,galaksi_elliptical_galaxy_deep_sky_3_features.json,715
Galaksi,973.0,138.02438497543335,0.6418167736149367,0.8666666666666667,0.9446601941747573,0.8739200727463831,207.95247332686714,18.216519484974782,251.0,203.2298739088264,200.67701260911736,223.9815712900097,galaksi_elliptical_galaxy_deep_sky_3_features.json,772
Yıldız,411.0,97.39696884155273,0.5444535121350629,0.8666666666666667,0.8162859980139027,0.6500468550878454,43.42256637168141,53.03964725584396,240.0,64.34070796460176,48.53982300884956,25.384955752212388,galaksi_elliptical_galaxy_deep_sky_3_features.json,919
Galaksi,17706.5,3400.2593380212784,0.019245026073817426,0.9216710182767625,0.2758838285473894,0.9299583553772858,98.56234642128928,36.61295487355878,212.0,93.28300308464473,78.30783708893188,140.28995660584513,galaksi_elliptical_galaxy_deep_sky_3_features.json,1006
Yıldız,238.5,69.35533821582794,0.6230723219799845,1.0952380952380953,0.853309481216458,0.6236977785003909,55.83271375464684,8.671080018948938,91.0,51.72490706319702,54.94052044609665,58.89591078066914,galaksi_elliptical_galaxy_deep_sky_4_features.json,95
Galaksi,528.5,117.29646408557892,0.4827085760048464,0.8918918918918919,0.8988095238095238,0.9192409668550918,240.43771626297578,7.523924676351397,254.0,242.12629757785467,239.81833910034604,240.82525951557093,galaksi_elliptical_galaxy_deep_sky_4_features.json,104
Yıldız,105.0,44.627416491508484,0.6625149321502821,0.8125,0.8860759493670886,0.873360192735289,57.368,24.42606345688965,166.0,53.064,54.408,64.36,galaksi_elliptical_galaxy_deep_sky_4_features.json,121
Yıldız,9.5,15.071067690849304,0.5255879847138478,1.0,0.76,0.6636309426245621,108.35294117647058,52.55242892071811,216.0,101.35294117647058,109.35294117647058,109.35294117647058,galaksi_elliptical_galaxy_deep_sky_4_features.json,131
Yıldız,14.5,16.242640614509583,0.6906604636818895,1.2,0.8787878787878788,0.6804853554641634,63.17391304347826,11.645682812370927,90.0,51.43478260869565,59.73913043478261,74.43478260869566,galaksi_elliptical_galaxy_deep_sky_4_features.json,160
Yıldız,389.0,122.02438580989838,0.32829646362679676,1.4242424242424243,0.8761261261261262,0.986141191659212,63.43963553530752,27.918452285169458,161.0,57.63553530751708,63.464692482915716,66.44191343963553,galaksi_elliptical_galaxy_deep_sky_4_features.json,183
Yıldız,422.5,130.3259003162384,0.3125900210366093,1.2058823529411764,0.5984419263456091,0.5631945935166452,52.46777546777547,32.29727274003779,231.0,37.68814968814969,48.74012474012474,65.4989604989605,galaksi_elliptical_galaxy_deep_sky_4_features.json,190
Yıldız,12.0,14.485281229019165,0.7186827936802287,0.8333333333333334,0.8888888888888888,0.6541171279127862,31.052631578947366,16.576691575857595,63.0,22.052631578947366,27.473684210526315,41.421052631578945,galaksi_elliptical_galaxy_deep_sky_features.json,1
Yıldız,21.0,30.14213538169861,0.2904565178681791,0.7,0.525,0.7516704430802121,24.485714285714284,15.394565699012897,62.0,14.971428571428572,24.057142857142857,29.285714285714285,galaksi_elliptical_galaxy_deep_sky_features.json,9
Yıldız,226.0,98.42640602588654,0.29315347615074394,1.5,0.616643929058663,0.8785941301848593,71.44814814814815,81.89991123031581,254.0,54.333333333333336,67.78888888888889,85.1888888888889,galaksi_elliptical_galaxy_deep_sky_features.json,10
Galaksi,1526.5,281.9482650756836,0.24130583268641717,1.0547945205479452,0.7464547677261614,0.9671215972747546,230.0663420572124,20.13245501188821,255.0,222.73828362751067,225.49300060864272,241.75471698113208,galaksi_elliptical_galaxy_deep_sky_features.json,541
Galaksi,41401.0,8431.022418022156,0.007319142572630359,0.9223946784922394,0.31348007480937995,0.6579981843781707,73.81621573513706,30.05199227538706,254.0,62.22180936276255,71.35884656461374,83.05028479886082,galaksi_elliptical_galaxy_deep_sky_features.json,995
Bulutsu,504.5,144.26702547073364,0.3046048959919658,0.6590909090909091,0.7065826330532213,0.885705342025965,67.23185840707964,17.312261067578305,147.0,30.31150442477876,51.42300884955752,112.31681415929204,galaksi_emission_nebula_photography_2_features.json,279
Bulutsu,533.5,173.09545242786407,0.22375511466593412,0.7954545454545454,0.6336104513064132,0.8996543953252352,42.01315789473684,8.256167425265586,131.0,47.76315789473684,37.23190789473684,48.995065789473685,galaksi_emission_nebula_photography_2_features.json,781
Bulutsu,478.5,178.75230705738068,0.18818651284461982,0.6578947368421053,0.6492537313432836,0.8228299619941851,68.03423423423423,8.270903035715987,146.0,76.59279279279279,62.38738738738739,75.94054054054054,galaksi_emission_nebula_photography_2_features.json,850
Bulutsu,27186.5,4181.812721252441,0.019535926161080096,0.6077481840193705,0.40040207369878345,0.8205613782263865,73.89604781316935,35.360755028637655,246.0,68.75519933669591,65.36205347889172,92.60657776549436,galaksi_emission_nebula_photography_2_features.json,862
Bulutsu,191111.5,16387.2883528471,0.008942984826080346,1.3228200371057515,0.6202441881975704,0.6831169198376343,55.10981958463566,22.99121405631921,255.0,44.5142014612988,52.79120191069616,63.69973692581914,galaksi_emission_nebula_photography_3_features.json,1407
Yıldız,6.0,9.656854152679443,0.8085181428902574,1.0,1.0,0.7071067492167126,76.36363636363636,26.468755945875404,122.0,133.1818181818182,67.54545454545455,72.36363636363636,galaksi_emission_nebula_photography_4_features.json,360
Yıldız,24.5,18.727921724319458,0.8778024272101497,1.0,0.98,0.46585722125016804,126.60606060606061,53.534434907308146,233.0,140.15151515151516,111.96969696969697,150.06060606060606,galaksi_emission_nebula_photography_4_features.json,459
Bulutsu,229.0,102.0832599401474,0.2761444286428682,0.3076923076923077,0.661849710982659,0.9608923883563874,121.78467153284672,5.639503401429595,137.0,45.083941605839414,113.47445255474452,167.31386861313868,galaksi_emission_nebula_photography_4_features.json,516
Bulutsu,29207.0,3391.531419277191,0.031908407165327314,0.9339622641509434,0.4627474590637947,0.7703072556896923,141.2374857142857,39.37009981850678,247.0,89.98442448979591,132.10994285714284,178.6377469387755,galaksi_emission_nebula_photography_4_features.json,543
Bulutsu,94129.0,11345.544600367546,0.009189303895104618,0.8576271186440678,0.4263040499994339,0.6435754325686104,142.47789820637777,39.2237435022354,250.0,134.25887206034014,134.18383111236932,161.86859240086548,galaksi_emission_nebula_photography_4_features.json,588
Bulutsu,48261.0,4545.584358930588,0.029351259124340563,1.0924369747899159,0.5346975631103996,0.7980798430836001,103.44477891631115,34.53860716509672,245.0,147.78836569514772,88.71942904987839,115.42227183924085,galaksi_emission_nebula_photography_features.json,176
Yıldız,150.5,52.870057106018066,0.6765919167469304,1.3571428571428572,0.9039039039039038,0.6801323199692169,68.94827586206897,46.06420647006745,239.0,57.87356321839081,58.59770114942528,93.49425287356321,galaksi_emission_nebula_photography_features.json,224
Galaksi,1649.0,190.85281217098236,0.56889667116452,0.6825396825396826,0.9337485843714609,0.9294081272393041,78.40796306982111,35.76975297638653,230.0,79.38372763993075,78.3064050778996,78.24812463935372,galaksi_galaxy_UGC_2_features.json,115
Yıldız,11.5,13.071067690849304,0.8458348538463678,1.0,0.9583333333333334,0.2396878586629336,60.05555555555555,62.960721637667106,224.0,51.94444444444444,58.22222222222222,66.83333333333333,galaksi_galaxy_UGC_2_features.json,234
Yıldız,251.5,69.69848430156708,0.6505807154972754,0.8571428571428571,0.9030520646319569,0.45961356569309414,40.420494699646646,48.0794748833182,253.0,35.82332155477032,40.561837455830386,41.869257950530034,galaksi_galaxy_UGC_2_features.json,337
Galaksi,6633.5,1143.4671584367752,0.06375367233491583,2.3398058252427183,0.5634741983435974,0.9709448373608537,148.5007030371204,44.59861294055169,255.0,148.00590551181105,144.31116422947133,156.90410573678292,galaksi_galaxy_UGC_2_features.json,458
Yıldız,249.5,69.69848430156708,0.6454071113978934,1.0,0.8739054290718039,0.5401353488942632,39.81850533807829,44.292691321792034,236.0,24.170818505338076,37.88256227758007,49.63701067615658,galaksi_galaxy_UGC_2_features.json,479
Yıldız,16.0,18.485281229019165,0.5884068531993125,0.8571428571428571,0.8421052631578947,0.8204623800321992,38.72,8.586128347514967,56.0,41.44,38.72,37.96,galaksi_galaxy_UGC_2_features.json,552
Yıldız,38.5,25.55634880065918,0.7407522507940837,0.8888888888888888,0.927710843373494,0.4516221387223122,40.94,49.75154670962502,251.0,32.96,39.36,47.34,galaksi_galaxy_UGC_2_features.json,633
Yıldız,145.5,46.38477599620819,0.8498101816450816,1.0714285714285714,0.9635761589403974,0.49874758007967446,45.91017964071857,50.834217617723326,254.0,43.91616766467066,47.32934131736527,43.64670658682635,galaksi_galaxy_UGC_2_features.json,642
Yıldız,487.5,89.49747383594513,0.7648265049708362,0.9,0.9268060836501901,0.46208137265771504,66.22433460076046,54.86661198989107,242.0,75.51330798479087,69.86121673003802,55.59505703422053,galaksi_galaxy_UGC_3_features.json,25
Galaksi,1746.5,298.91882717609406,0.2456246307132874,0.6814159292035398,0.7933227344992051,0.9907773925844184,37.837881219903686,31.513387118626362,173.0,38.942750133761365,38.69716425896201,35.701979668271804,galaksi_galaxy_UGC_3_features.json,29
Galaksi,14073.5,1508.545365691185,0.07771327858197989,2.041322314049587,0.6365363305366472,0.8749474235609841,116.48304220757154,30.802312228042442,240.0,135.9467817576293,116.36960511112622,109.2928022836947,galaksi_galaxy_UGC_3_features.json,113
Yıldız,1126.5,148.6101711988449,0.640979280241761,1.2,0.9114077669902912,0.8345251227794765,121.78823529411765,44.13697772580453,243.0,83.89747899159664,120.3453781512605,139.0747899159664,galaksi_galaxy_UGC_3_features.json,124
Galaksi,4808.0,604.2396755218506,0.16548393757185387,0.8035714285714286,0.7489679881610717,0.7819853536372187,155.37541987749458,29.107967982762144,247.0,182.556609365738,155.73858921161826,144.32562734637423,galaksi_galaxy_UGC_3_features.json,157
Yıldız,275.0,63.94112479686737,0.84524384000105,0.9523809523809523,0.9700176366843033,0.6768110183987222,49.9042904290429,48.20576853661894,253.0,48.244224422442244,47.851485148514854,54.56435643564357,galaksi_galaxy_UGC_4_features.json,4
Yıldız,888.5,160.6101714372635,0.43283383721057916,0.8372093023255814,0.829985987856142,0.4720880028166232,116.88830897703548,63.72575513475967,255.0,116.08559498956157,114.77453027139873,121.32672233820458,galaksi_galaxy_UGC_4_features.json,10
Yıldız,57.0,49.455843687057495,0.29285287339212046,0.4444444444444444,0.6867469879518072,0.9437822462517685,16.70886075949367,2.838041305014165,25.0,16.734177215189874,15.746835443037975,17.670886075949365,galaksi_galaxy_UGC_4_features.json,18
Yıldız,72.5,33.55634891986847,0.8090930440882006,1.2,0.9477124183006536,0.471055406458354,30.977272727272727,32.68791035644638,182.0,30.977272727272727,30.977272727272727,30.977272727272727,galaksi_galaxy_UGC_4_features.json,33
Galaksi,17801.5,1400.1088564395905,0.11411503219498946,1.2625994694960212,0.640652835009807,0.9968236543382656,121.84725549989109,42.54257323618233,252.0,119.96220866913526,119.9648224787628,126.24526247005011,galaksi_galaxy_UGC_4_features.json,64
Yıldız,9.5,12.242640614509583,0.7964953919549047,0.8,0.95,0.6265766858781231,104.375,64.56573685012818,252.0,108.3125,103.375,104.375,galaksi_galaxy_UGC_4_features.json,66
Yıldız,7.5,12.242640614509583,0.6288121515433458,1.25,0.8823529411764706,0.8295064414140232,37.857142857142854,11.185814631916266,69.0,40.57142857142857,37.5,37.857142857142854,galaksi_galaxy_UGC_4_features.json,68
Yıldız,26.5,20.727921724319458,0.7750758729094964,0.875,0.9298245614035088,0.6077114253307266,48.69444444444444,27.62428424859029,156.0,36.388888888888886,42.55555555555555,65.44444444444444,galaksi_galaxy_UGC_features.json,1
Yıldız,10.0,11.656854152679443,0.9247985466222429,1.25,1.0,0.5773501996194398,47.8125,30.5270755846347,124.0,39.3125,44.9375,56.8125,galaksi_galaxy_UGC_features.json,2
Yıldız,28.0,20.82842707633972,0.811063667623605,0.8571428571428571,0.9824561403508771,0.6028234054346985,65.25641025641025,51.906581742004384,243.0,54.92307692307692,64.76923076923077,70.15384615384615,galaksi_galaxy_UGC_features.json,74
Galaksi,45430.0,2342.390161514282,0.10404809430999787,1.5040322580645162,0.8407280264265821,0.9197399348409216,125.27263520792934,35.094308668198785,252.0,138.29467787114848,122.56742081447965,125.60864037922862,galaksi_galaxy_UGC_features.json,103
Yıldız,844.0,119.39696836471558,0.7439876241112118,0.9444444444444444,0.9477821448624368,0.41284599844434067,67.4765625,73.72370526866332,254.0,170.71540178571428,61.668526785714285,39.481026785714285,galaksi_horsehead_nebula_wide_field_2_features.json,2934
Yıldız,675.0,104.56854128837585,0.7757316969426673,1.096774193548387,0.9493670886075949,0.3893735072761498,61.770833333333336,73.90830643721087,255.0,139.62222222222223,57.0125,41.50138888888889,galaksi_horsehead_nebula_wide_field_2_features.json,3716
Yıldız,57.5,28.727921724319458,0.875526490950081,0.9,0.9745762711864406,0.5709715432682262,93.8169014084507,83.57324692547452,241.0,71.29577464788733,84.0,121.87323943661973,galaksi_horsehead_nebula_wide_field_2_features.json,4659
Yıldız,758.0,131.53910374641418,0.5505151977637506,0.6666666666666666,0.8844807467911319,0.741414068041228,49.52579852579852,58.8933880212192,251.0,25.45085995085995,34.466830466830466,88.27518427518427,galaksi_horsehead_nebula_wide_field_2_features.json,4743
Yıldız,562.5,100.32590067386627,0.702273460244908,0.9333333333333333,0.9236453201970444,0.5968958404476779,63.26732673267327,37.74459708389081,248.0,81.54620462046205,58.71287128712871,65.3003300330033,galaksi_horsehead_nebula_wide_field_4_features.json,74
Yıldız,668.5,105.98275518417358,0.74789540448655,0.8823529411764706,0.9343116701607268,0.4696192563824174,66.63585434173669,30.683422885271057,252.0,86.13305322128852,65.20308123249299,61.98879551820728,galaksi_horsehead_nebula_wide_field_4_features.json,184
Bulutsu,6108.5,677.9381582736969,0.1670183865079429,0.8347107438016529,0.7275488327775131,0.6492153803425658,110.19002189552707,38.735091017088294,255.0,150.46137003440725,109.6152643102909,95.96950265874257,galaksi_horsehead_nebula_wide_field_4_features.json,261
Yıldız,841.0,125.39696836471558,0.672096735332743,1.3225806451612903,0.9282560706401766,0.6994282845560557,128.72767857142856,46.407135977250014,253.0,166.4609375,127.73325892857142,116.30580357142857,galaksi_horsehead_nebula_wide_field_4_features.json,597
Yıldız,82.0,42.97056221961975,0.5580609633932744,1.0769230769230769,0.82,0.8956723472071317,38.38235294117647,52.31579151195642,251.0,33.990196078431374,39.26470588235294,38.34313725490196,galaksi_orion_nebula_astrophotography_2_features.json,41
Yıldız,29.5,27.55634891986847,0.48818960712158904,1.125,0.7662337662337663,0.5219030873425441,40.476190476190474,57.51365804465931,254.0,37.357142857142854,41.095238095238095,40.5,galaksi_orion_nebula_astrophotography_2_features.json,61
Yıldız,47.0,30.14213526248932,0.6500693546564215,0.7272727272727273,0.8785046728971962,0.7049354766353171,44.18032786885246,58.147215147423,255.0,48.31147540983607,44.16393442622951,43.22950819672131,galaksi_orion_nebula_astrophotography_2_features.json,169
Bulutsu,301.5,147.4385986328125,0.17429093180456356,0.7878787878787878,0.5593692022263451,0.7449762346076658,95.4478021978022,7.930676329153565,121.0,123.68406593406594,91.71703296703298,92.09615384615385,galaksi_orion_nebula_astrophotography_3_features.json,484
Bulutsu,495.5,174.75230705738068,0.20389552158903576,1.0238095238095237,0.4905940594059406,0.589104166445984,131.58947368421053,13.272444534957328,160.0,164.57894736842107,126.36842105263158,129.22280701754386,galaksi_orion_nebula_astrophotography_3_features.json,487
Yıldız,40.0,24.14213526248932,0.8624193609332013,1.125,0.963855421686747,0.49694175872968366,59.11764705882353,57.29170184543326,239.0,71.09803921568627,59.2156862745098,54.13725490196078,galaksi_orion_nebula_astrophotography_3_features.json,742
Yıldız,651.0,126.7106763124466,0.5095237529028068,1.6785714285714286,0.8163009404388715,0.8316500653886894,44.9758865248227,46.97418319274345,249.0,79.49929078014185,49.622695035461,22.71489361702128,galaksi_orion_nebula_astrophotography_4_features.json,83
Yıldız,100.5,39.55634891986847,0.807130070333728,1.0,0.95260663507109,0.4697508524126372,36.24369747899159,55.03382708974341,250.0,37.193277310924366,39.07563025210084,30.428571428571427,galaksi_orion_nebula_astrophotography_4_features.json,214
Yıldız,966.5,185.0365775823593,0.354728880291916,1.2380952380952381,0.7443203696572969,0.6440461687933337,152.489443378119,45.54157350540843,253.0,211.8809980806142,174.75143953934742,86.13915547024952,galaksi_orion_nebula_astrophotography_4_features.json,224
Yıldız,460.5,102.81118178367615,0.547468071451011,1.1111111111111112,0.8365122615803815,0.6632822253319876,50.672619047619044,44.0295937217154,250.0,94.10714285714285,57.37698412698413,20.990079365079364,galaksi_orion_nebula_astrophotography_4_features.json,332
Yıldız,71.0,32.97056245803833,0.8207587109542324,1.0,0.9342105263157895,0.31463017768053164,40.406976744186046,55.316925772374915,243.0,55.325581395348834,46.94186046511628,21.802325581395348,galaksi_orion_nebula_astrophotography_4_features.json,399
Yıldız,5.0,8.828427076339722,0.8061450660379307,0.75,1.0,0.8164965882550608,101.7,64.98007386884075,196.0,96.80000000000001,102.7,101.7,galaksi_orion_nebula_astrophotography_4_features.json,400
Bulutsu,6593.0,993.2001328468323,0.08398841815953521,1.0263157894736843,0.5195020092979277,0.9044334748426852,29.251248394920818,18.629741759096806,251.0,62.24668283635326,32.617634469967186,10.067912683692395,galaksi_orion_nebula_astrophotography_4_features.json,460
Bulutsu,2902.0,426.55843567848206,0.2004242199654702,1.3924050632911393,0.6902128671661315,0.906573718914011,101.35108801558947,32.17081255122855,234.0,162.17830464436506,94.59369925300422,91.44267619356934,galaksi_orion_nebula_astrophotography_4_features.json,561
Bulutsu,6078.0,1096.1118193864822,0.06357126276047294,0.6182795698924731,0.4227291695646126,0.85807146316589,130.47690425206486,67.49636135864499,249.0,180.57081676353624,135.69577852554298,101.12740899357603,galaksi_orion_nebula_astrophotography_4_features.json,573
Bulutsu,2646.0,725.7787787914276,0.0631235147535608,0.8461538461538461,0.5308456214264219,0.8511398788508143,87.45167853509665,55.80981354528121,250.0,125.57477110885047,92.24482875551035,63.499152255001704,galaksi_orion_nebula_astrophotography_4_features.json,642
Yıldız,53.5,28.727921843528748,0.8146202935146012,1.1111111111111112,0.9469026548672567,0.4825959251389123,52.865671641791046,63.725365863207436,245.0,61.52238805970149,61.134328358208954,33.46268656716418,galaksi_orion_nebula_astrophotography_4_features.json,681
Yıldız,374.0,82.28427064418793,0.6941411936671306,1.0434782608695652,0.8936678614097969,0.6255869876766755,41.8373786407767,46.127727492408646,246.0,74.54854368932038,43.59466019417475,25.895631067961162,galaksi_orion_nebula_astrophotography_4_features.json,1220
Bulutsu,4573.0,586.783832192421,0.1668994045294288,1.85,0.6682741487651614,0.8960213556988722,80.72806471686373,38.18068184918031,249.0,94.16614810205351,70.2802323169467,96.06367973449491,galaksi_orion_nebula_astrophotography_features.json,275
Yıldız,287.0,74.0832599401474,0.6571304492244009,1.0434782608695652,0.8871715610510046,0.42340373084270677,70.79245283018868,46.12412504962764,246.0,90.57547169811322,67.62578616352202,69.57232704402516,galaksi_orion_nebula_astrophotography_features.json,407
Yıldız,106.5,42.870057344436646,0.7282011206063338,1.0,0.9141630901287554,0.3354056095038002,61.856,45.218704802327096,251.0,74.72,59.432,61.72,galaksi_orion_nebula_astrophotography_features.json,460
Yıldız,90.0,42.28427076339722,0.6325497423960204,0.8666666666666667,0.8411214953271028,0.6107726262956865,103.93518518518518,45.63974736762379,251.0,134.6851851851852,99.81481481481481,100.3611111111111,galaksi_orion_nebula_astrophotography_features.json,552
Bulutsu,48279.0,6814.469908118248,0.01306483634192275,1.051413881748072,0.45103278183126094,0.6702171572816703,87.58525904203323,38.67584606853057,255.0,106.00821114369502,76.65427174975562,102.03133919843597,galaksi_orion_nebula_astrophotography_features.json,595
Yıldız,1071.0,257.4213533401489,0.20310012769947583,1.9487179487179487,0.6219512195121951,0.8591519860722767,88.63644067796609,48.86721053321264,253.0,117.0322033898305,85.46186440677965,84.0271186440678,galaksi_orion_nebula_astrophotography_features.json,600
Yıldız,232.0,57.45584332942963,0.8831397684491032,1.1176470588235294,0.9768421052631578,0.3644711486261137,65.56201550387597,73.32458125412502,253.0,54.08527131782946,65.86434108527132,69.52325581395348,galaksi_planetary_nebula_ring_2_features.json,31
Yıldız,98.0,39.79898953437805,0.777484694129652,0.8571428571428571,0.9289099526066351,0.614850160759728,60.89655172413793,71.3257920306466,251.0,44.6551724137931,60.82758620689655,67.31896551724138,galaksi_planetary_nebula_ring_2_features.json,50
Yıldız,87.5,35.55634880065918,0.8697282989893131,1.0909090909090908,0.9615384615384616,0.2758748905658825,66.5576923076923,73.49566011822071,251.0,49.0,66.61538461538461,73.29807692307693,galaksi_planetary_nebula_ring_2_features.json,63
Yıldız,178.5,52.38477599620819,0.8174061523155042,1.0,0.9444444444444444,0.49539780474031364,64.21182266009852,73.04064229404868,253.0,56.86699507389162,64.33990147783251,67.06403940886699,galaksi_planetary_nebula_ring_2_features.json,97
Yıldız,188.0,51.79898941516876,0.8804914428267976,1.0,0.9715762273901809,0.46834641998816573,70.15094339622641,73.54254223222046,253.0,60.33490566037736,70.92924528301887,72.37264150943396,galaksi_planetary_nebula_ring_2_features.json,151
Bulutsu,28303.0,811.151363492012,0.5405533090998527,0.9849246231155779,0.948158322306159,0.2914373275988209,75.32158313555773,40.21998567151533,254.0,85.28675136116154,70.46569174926707,81.04722183442692,galaksi_planetary_nebula_ring_2_features.json,229
Yıldız,11.5,13.071067690849304,0.8458348538463678,1.0,0.9583333333333334,0.3714483657323884,62.72222222222222,64.66564050350382,229.0,58.83333333333333,57.0,75.6111111111111,galaksi_planetary_nebula_ring_3_features.json,19
Bulutsu,1462.5,341.74725353717804,0.15736048038437153,0.6511627906976745,0.5558722919042189,0.936302620118642,94.99937733499377,11.923192323321627,134.0,7.860523038605231,83.10149439601494,151.47322540473226,galaksi_planetary_nebula_ring_3_features.json,32
Bulutsu,7102.0,1111.6265400648117,0.07222253332937043,0.5695067264573991,0.5084114825685446,0.9406233834557725,182.93620393607185,15.710455454250699,218.0,86.85193501518954,184.77308149517896,215.93910976092985,galaksi_planetary_nebula_ring_3_features.json,66
Bulutsu,792.0,175.68123936653137,0.3224662539381501,0.6808510638297872,0.7447108603667136,0.7395906988910751,162.64055299539172,9.186235729782528,181.0,89.47004608294931,163.39400921658986,189.01497695852535,galaksi_planetary_nebula_ring_3_features.json,78
Bulutsu,20944.0,3032.4876976013184,0.028620116542409844,0.9213483146067416,0.2502598907861248,0.5076033557918546,165.40389721434678,27.47868410799491,234.0,96.12636695018226,166.5965978128797,189.44309437019035,galaksi_planetary_nebula_ring_3_features.json,96
Bulutsu,1631.0,296.7350618839264,0.23276951134020218,1.7142857142857142,0.6500597847748106,0.8874396502409684,35.85722411831627,9.22432985297362,155.0,23.140500568828212,25.465301478953354,61.080773606370876,galaksi_planetary_nebula_ring_4_features.json,440
Bulutsu,172954.0,7425.194863200188,0.03942073918472436,1.1759259259259258,0.6976047239997499,0.6638905682273618,99.37798942520118,59.05575070057272,254.0,88.49689627951089,89.38662759329618,123.11283003651769,galaksi_planetary_nebula_ring_4_features.json,661
Yıldız,32.0,21.313708305358887,0.885200818227706,0.875,0.9696969696969697,0.5395273329059849,142.92857142857142,77.08418183022621,254.0,146.61904761904762,142.23809523809524,143.0,galaksi_planetary_nebula_ring_features.json,1
Bulutsu,91196.5,3142.5293315649033,0.11604578083056552,1.2328358208955223,0.8988596266435372,0.7221425438020896,70.18766819778438,25.442689401511306,212.0,91.16231288840854,76.32649554174547,50.14296676573899,galaksi_planetary_nebula_ring_features.json,165
Yıldız,6.5,11.071067690849304,0.6664141476791389,0.8,0.8666666666666667,0.5562725541893571,135.83333333333331,87.50222219400428,254.0,139.58333333333331,135.0,135.91666666666666,galaksi_planetary_nebula_ring_features.json,169
Yıldız,18.0,16.485281229019165,0.8323186927986581,1.0,0.9473684210526315,0.30823250679128655,141.0769230769231,78.57525695737274,254.0,150.6923076923077,140.1153846153846,139.1923076923077,galaksi_planetary_nebula_ring_features.json,170
Yıldız,23.5,17.899494767189026,0.9217139931699821,0.8571428571428571,1.0,0.5448419005001501,116.96875,80.45048336360385,254.0,125.65625,116.78125,113.875,galaksi_planetary_nebula_ring_features.json,171
Yıldız,63.5,31.55634880065918,0.8013275859884647,1.3333333333333333,0.9407407407407408,0.547804715826325,76.42307692307692,62.2683438590011,250.0,58.58974358974359,73.33333333333333,89.43589743589743,galaksi_reflection_nebula_photography_2_features.json,43
Bulutsu,1776.0,376.9604570865631,0.15705842381535418,0.9722222222222222,0.5387532231154255,0.722864512928381,40.85005170630817,32.93549613069131,235.0,29.290589451913135,36.42502585315409,53.902275077559466,galaksi_reflection_nebula_photography_2_features.json,76
Bulutsu,34.5,22.72792160511017,0.8392851011620179,1.2857142857142858,0.971830985915493,0.5593348479336783,83.13333333333334,66.20090633820658,254.0,75.66666666666667,82.42222222222223,87.42222222222223,galaksi_reflection_nebula_photography_2_features.json,138
Bulutsu,1307.5,353.40410804748535,0.13155530763069923,1.0,0.5877725331535176,0.4011366341877684,54.52472527472528,9.187571854025292,107.0,53.228708791208796,51.04464285714286,61.71771978021979,galaksi_reflection_nebula_photography_2_features.json,206
Bulutsu,2553.5,592.683326125145,0.09134826587818506,1.890625,0.5269294263309946,0.867857436245384,92.25793792365323,16.24590852063349,204.0,126.75704602211916,100.31858722797003,63.286478772743486,galaksi_reflection_nebula_photography_2_features.json,348
Bulutsu,13137.0,1343.106766819954,0.09151346292002996,0.5737704918032787,0.565020107094471,0.8300708633359946,89.2518604990515,41.852400394271136,252.0,82.39807383627608,88.74624252152341,92.86283379541806,galaksi_reflection_nebula_photography_2_features.json,444
Bulutsu,6702.0,1065.2833923101425,0.0742136812518172,1.2535211267605635,0.5344710714143307,0.8806285397095883,119.08856863019449,37.032601733676714,244.0,111.91632852945291,119.03539946830837,121.9248635791241,galaksi_reflection_nebula_photography_2_features.json,605
Bulutsu,852.0,232.79393696784973,0.1975632348694044,0.7192982456140351,0.5926956521739131,0.8439680747689796,86.62710084033613,17.55904267977524,250.0,90.13235294117646,85.84033613445378,86.87184873949579,galaksi_reflection_nebula_photography_2_features.json,656
Bulutsu,1240.5,237.03657793998718,0.2774443565189765,0.9491525423728814,0.6076414401175606,0.4356529273438377,62.179582712369594,4.605908905443699,123.0,73.30998509687035,59.82190760059613,62.56259314456036,galaksi_reflection_nebula_photography_2_features.json,694
Yıldız,108.5,42.870057225227356,0.7418762631473649,1.1538461538461537,0.9273504273504274,0.5895082770443042,62.503937007874015,48.85296499931584,251.0,50.74015748031496,56.968503937007874,77.63779527559055,galaksi_reflection_nebula_photography_2_features.json,904
Bulutsu,22263.0,2847.173991203308,0.034511635015812184,1.1333333333333333,0.5285361568776411,0.5589946100060957,125.39135997270672,42.60400222975568,253.0,118.58505693206533,124.73909335152885,129.27348714230882,galaksi_reflection_nebula_photography_2_features.json,969
Bulutsu,318700.0,8487.675973057747,0.05559226187426139,1.5051124744376279,0.8889223594515291,0.6662871146238222,83.1584802667287,30.510974461863466,253.0,95.2580196945026,81.32006202992945,82.15263704737536,galaksi_reflection_nebula_photography_4_features.json,146
Yıldız,42.5,24.727921843528748,0.8734208504677278,0.8888888888888888,0.9659090909090909,0.5088942951600186,75.44444444444444,31.12440192295634,220.0,51.72222222222222,65.01851851851852,104.83333333333333,galaksi_reflection_nebula_photography_features.json,317
Bulutsu,2384.0,422.9604572057724,0.16746211864586738,0.6862745098039216,0.5799075650693262,0.7790452535506792,60.75165692007797,9.734142509385078,185.0,68.26900584795321,56.24678362573099,66.66003898635478,galaksi_reflection_nebula_photography_features.json,408
Bulutsu,219089.5,17591.49352622032,0.008896639698123,0.8414634146341463,0.5478751004965121,0.5716269751506116,76.40179028584544,34.77023361968839,255.0,98.18631155211074,70.47660622539239,79.73849291124489,galaksi_reflection_nebula_photography_features.json,534
Bulutsu,700676.5,22150.59855401516,0.017945538026653135,0.6678765880217786,0.870710068179121,0.5989517277252147,52.54349503625995,34.07521952720757,254.0,51.251553897064,48.553070478068015,60.87508836161374,galaksi_rho_ophiuchi_cloud_complex_2_features.json,631
Bulutsu,4631.5,676.2813056707382,0.12725556030377155,1.6219512195121952,0.6651109355927335,0.8487620259758439,132.3022167988611,11.87422138857459,190.0,181.6792759812894,143.58450274557657,91.3937360178971,galaksi_rho_ophiuchi_cloud_complex_3_features.json,1587
Bulutsu,3101.0,525.6711332798004,0.14102086447697232,0.8584905660377359,0.5610131162369968,0.6557924434588932,165.05236232320195,12.764480238127495,199.0,233.5750827565453,186.67499247667772,96.47547396930486,galaksi_rho_ophiuchi_cloud_complex_3_features.json,1611
Bulutsu,3176.0,577.4701231718063,0.11968268343662003,1.0,0.564572038041063,0.7221666180240496,87.07570885705934,16.225873789767267,244.0,74.31540485238234,74.88395206080094,115.87898275358081,galaksi_rho_ophiuchi_cloud_complex_3_features.json,1695
Bulutsu,19911.0,2661.326231122017,0.035326995844300636,0.6410256410256411,0.5342366514623021,0.7958924182046649,110.95397270695639,21.46210410654897,205.0,139.0592458751367,110.59678569730397,100.94327421425514,galaksi_rho_ophiuchi_cloud_complex_3_features.json,1872
Bulutsu,3410.0,432.4163011312485,0.2291712470346512,0.7547169811320755,0.7154846831724717,0.8155482819063942,62.41898663697104,9.656177631774998,152.0,57.146158129175944,51.8207126948775,85.16898663697104,galaksi_rho_ophiuchi_cloud_complex_3_features.json,2146
Bulutsu,2182.0,457.73000860214233,0.13087172873004024,2.1551724137931036,0.6409164341312968,0.9685518821066464,90.936,15.14249888298004,219.0,71.44505263157895,82.46021052631579,115.096,galaksi_rho_ophiuchi_cloud_complex_3_features.json,2454
Bulutsu,6814.5,1394.5209811925888,0.044034569441286885,1.4796747967479675,0.44550862970711297,0.7907017640254673,141.04858955324607,16.049443225629883,241.0,115.73694155756513,135.22999055203132,162.10757187204752,galaksi_rho_ophiuchi_cloud_complex_3_features.json,2795
Bulutsu,416631.0,11550.094691514969,0.03924554420191784,1.1741214057507987,0.9082300314892142,0.5162052193280346,76.98085448029353,28.09809319806663,249.0,72.53176491237224,71.0818475711138,90.22407278712943,galaksi_rho_ophiuchi_cloud_complex_4_features.json,255
Bulutsu,2175.5,466.8010768890381,0.1254599913060757,0.635593220338983,0.5169914448669202,0.938145791360062,37.32757166947723,11.892727325688476,146.0,34.11635750421585,32.197301854974704,48.54595278246205,galaksi_rho_ophiuchi_cloud_complex_features.json,1139
Bulutsu,4636.0,882.2884458303452,0.07483971199701794,1.113821138211382,0.4253211009174312,0.7035963805518873,138.56274980015988,20.36586468964436,247.0,153.26318944844124,137.26538768984813,135.51478816946442,galaksi_rho_ophiuchi_cloud_complex_features.json,1291
Bulutsu,2894.0,1313.65092420578,0.021074071025041802,1.2150537634408602,0.4424061759535275,0.6369197361999139,89.15324449594438,60.76962923284798,253.0,94.70886442641947,89.12166859791425,87.15353418308227,galaksi_rho_ophiuchi_cloud_complex_features.json,1646
Bulutsu,5272.5,1140.2123242616653,0.05096300062553168,1.3146853146853146,0.47448704103671707,0.959804779579215,57.83460736622654,12.663692239975955,232.0,74.7494788047255,57.09867963863794,52.835128561501044,galaksi_rho_ophiuchi_cloud_complex_features.json,2117
Gürültü,138.0,70.28427076339722,0.35105298008715274,2.727272727272727,0.7520435967302452,0.9754455302687594,97.63529411764706,87.27142879394735,251.0,113.74705882352941,100.86470588235294,85.03529411764706,galaksi_satellite_trail_astrophotography_2_features.json,15
Gürültü,782.0,421.22034323215485,0.05538573733416455,0.19186046511627908,0.6052631578947368,0.9991232202930395,117.92371134020618,42.4987125898299,210.0,103.90721649484536,113.9298969072165,131.11752577319587,galaksi_satellite_trail_astrophotography_3_features.json,141
Yıldız,129.5,47.69848418235779,0.7152707687850032,1.0666666666666667,0.9184397163120568,0.45177758445487465,77.10666666666667,30.285562383566344,210.0,84.73333333333333,76.75333333333334,74.84,galaksi_satellite_trail_astrophotography_3_features.json,241
Gürültü,300.0,138.9116872549057,0.1953680518884802,0.2413793103448276,0.6282722513089005,0.9871418310008951,52.18181818181818,52.420108437459774,213.0,56.807162534435264,52.19834710743802,50.303030303030305,galaksi_satellite_trail_astrophotography_4_features.json,671
Gürültü,663.0,115.25483322143555,0.6271986273212227,1.5384615384615385,0.910089224433768,0.8805935322555517,67.36223776223777,52.77148494181728,255.0,67.82097902097902,67.32447552447553,67.4,galaksi_satellite_trail_astrophotography_features.json,3
Gürültü,889.5,180.61017155647278,0.342666308612764,1.6857142857142857,0.7583120204603581,0.9508026055609444,73.57791537667698,61.63654216971346,255.0,74.45923632610939,73.57791537667698,73.57791537667698,galaksi_satellite_trail_astrophotography_features.json,6
Gürültü,1335.0,250.30865573883057,0.26775611249788306,2.119047619047619,0.7712305025996534,0.9815767204688827,73.60830449826989,50.07199177285694,255.0,74.38892733564013,73.60830449826989,73.60830449826989,galaksi_satellite_trail_astrophotography_features.json,9
Gürültü,1961.0,327.9066344499588,0.2291854539890527,2.3207547169811322,0.7939271255060729,0.9914462610469652,66.97861216730038,42.700711683788796,249.0,67.56036121673004,66.94296577946768,67.01425855513308,galaksi_satellite_trail_astrophotography_features.json,11
Gürültü,592.0,97.25483298301697,0.7865189413838782,1.1481481481481481,0.9487179487179487,0.6764897422794018,78.18740157480315,51.25638349663093,255.0,78.68818897637796,78.18740157480315,78.18740157480315,galaksi_satellite_trail_astrophotography_features.json,12
Gürültü,420.5,83.6984840631485,0.7542940462919607,1.1818181818181819,0.9386160714285714,0.6729300548824838,78.65359477124184,56.50827385711525,255.0,78.65359477124184,78.65359477124184,78.65359477124184,galaksi_satellite_trail_astrophotography_features.json,13
Gürültü,569.5,103.01219260692596,0.6744136163100043,1.565217391304348,0.925264012997563,0.8229713238539349,65.35227272727273,50.494833167888494,255.0,65.45292207792208,65.35227272727273,65.35227272727273,galaksi_satellite_trail_astrophotography_features.json,15
Gürültü,490.0,127.74011433124542,0.37735607236406377,1.56,0.7573415765069552,0.9018281858857852,71.37477148080438,52.0356398018828,253.0,72.0,71.37477148080438,71.37477148080438,galaksi_satellite_trail_astrophotography_features.json,17
Yıldız,89.5,47.21320307254791,0.5045520429998341,2.0,0.8523809523809524,0.8884097310730313,38.26126126126126,44.258599553592475,218.0,42.14414414414414,37.52252252252252,38.288288288288285,galaksi_spiral_galaxy_amateur_telescope_2_features.json,170
Yıldız,696.0,122.56854128837585,0.58218507637258,1.0,0.8477466504263094,0.5087755678982399,47.87866666666667,44.15726378399015,232.0,47.14266666666666,44.952,53.970666666666666,galaksi_spiral_galaxy_amateur_telescope_2_features.json,304
Yıldız,1533.0,271.0782072544098,0.262157815333033,1.293103448275862,0.7384393063583815,0.956426211988658,50.863470873786405,44.342296378821096,244.0,42.17415048543689,46.30218446601941,63.07766990291262,galaksi_spiral_galaxy_amateur_telescope_2_features.json,374
Yıldız,137.0,59.455843567848206,0.487013881858198,1.1176470588235294,0.8328267477203647,0.8532574698206666,78.46341463414635,46.748730287166346,241.0,80.65243902439025,74.28658536585367,85.8719512195122,galaksi_spiral_galaxy_amateur_telescope_2_features.json,811
Yıldız,531.0,102.9116872549057,0.6300499594040303,1.5217391304347827,0.9022939677145284,0.8448110105450715,46.34027777777778,43.79960096127913,239.0,43.14583333333333,42.10069444444444,55.83506944444444,galaksi_spiral_galaxy_amateur_telescope_2_features.json,957
Yıldız,286.5,81.01219248771667,0.5485721032109244,0.9166666666666666,0.8185714285714286,0.4693525395426852,94.27018633540372,43.716033621744025,241.0,92.92857142857142,87.92857142857142,107.21118012422359,galaksi_spiral_galaxy_amateur_telescope_2_features.json,982
Yıldız,789.0,186.71067678928375,0.28441242209427986,0.3888888888888889,0.6456628477905073,0.9437431374602901,169.95303550973654,49.46561019119761,254.0,134.06872852233678,152.7422680412371,217.3848797250859,galaksi_spiral_galaxy_amateur_telescope_2_features.json,1096
Yıldız,211.0,65.11269783973694,0.6254044099682908,1.0555555555555556,0.8594704684317719,0.4255687555423537,57.32083333333333,48.1210407823046,245.0,58.87083333333333,54.81666666666666,61.958333333333336,galaksi_spiral_galaxy_amateur_telescope_2_features.json,1229
Yıldız,859.5,201.23758792877197,0.2667089187489142,0.7090909090909091,0.703643061809251,0.8646017027843074,60.127906976744185,40.64877566757123,248.0,60.66067653276956,55.72410147991543,68.51479915433404,galaksi_spiral_galaxy_amateur_telescope_2_features.json,1248
Yıldız,251.0,65.59797930717468,0.7329977854153011,1.0,0.9127272727272727,0.3591613561566828,47.007168458781365,56.27900242086519,254.0,49.763440860215056,47.23297491039426,45.51971326164875,galaksi_spiral_galaxy_amateur_telescope_3_features.json,77
Galaksi,3961.0,793.0924878120422,0.07913471341786144,0.42857142857142855,0.536539112766678,0.9666301338776773,172.4851024208566,37.225991621145475,255.0,163.3195996275605,172.17877094972067,176.72532588454376,galaksi_spiral_galaxy_amateur_telescope_3_features.json,306
Yıldız,464.5,93.98275446891785,0.6608444451281058,0.8484848484848485,0.8941289701636189,0.5094696987837259,65.13690476190476,56.906836172097236,254.0,71.51587301587301,65.79563492063491,61.25992063492063,galaksi_spiral_galaxy_amateur_telescope_3_features.json,311
Yıldız,31.0,22.485281229019165,0.7705040224642447,1.1428571428571428,0.9253731343283582,0.6456600716661615,81.16666666666666,89.5028375891398,253.0,79.33333333333333,78.4047619047619,86.71428571428571,galaksi_spiral_galaxy_amateur_telescope_4_features.json,28
Yıldız,17.5,15.899494767189026,0.8699239036334878,1.0,0.9722222222222222,0.6738297813979985,103.0,94.57568397849418,253.0,101.2,100.28,108.4,galaksi_spiral_galaxy_amateur_telescope_4_features.json,29
Galaksi,2483.5,410.3746702671051,0.18531600737751255,0.9036144578313253,0.6761502858698611,0.7793045000780795,122.42927012791573,42.481471209002194,255.0,103.8359668924003,110.19375470278405,153.5007524454477,galaksi_spiral_galaxy_amateur_telescope_4_features.json,75
Yıldız,18.0,18.485281229019165,0.6619577098492265,1.6,0.9,0.724662788921262,133.4074074074074,88.77781640630197,254.0,133.55555555555554,132.55555555555554,134.85185185185185,galaksi_spiral_galaxy_amateur_telescope_4_features.json,101
Yıldız,82.5,35.55634891986847,0.8200295335484629,0.9166666666666666,0.9593023255813954,0.6256360506854858,83.41414141414143,88.76572389956803,255.0,81.41414141414143,83.41414141414143,84.37373737373738,galaksi_spiral_galaxy_amateur_telescope_4_features.json,102
Yıldız,204.0,58.76955199241638,0.7422244752723621,1.0,0.9066666666666666,0.4111568390029652,61.58078602620087,57.02951643105813,253.0,59.89082969432314,63.379912663755455,58.66812227074235,galaksi_spiral_galaxy_amateur_telescope_features.json,170
Yıldız,136.0,46.627416372299194,0.7860787726677728,1.1428571428571428,0.9251700680272109,0.454225810275339,80.12738853503186,79.30612510498486,252.0,79.8343949044586,76.95541401273886,86.47133757961784,galaksi_triangulum_galaxy_wide_field_2_features.json,66
Yıldız,106.5,40.38477575778961,0.8205860323234755,1.1666666666666667,0.9508928571428571,0.5866342216261021,73.24,77.26736956827249,253.0,87.208,72.032,70.264,galaksi_triangulum_galaxy_wide_field_2_features.json,75
Yıldız,378.0,88.08326041698456,0.6122304139440722,1.4090909090909092,0.8689655172413793,0.7800895365839544,79.89182692307693,68.09753561089957,254.0,83.76682692307693,77.52163461538461,82.9951923076923,galaksi_triangulum_galaxy_wide_field_2_features.json,126
Yıldız,425.0,88.91168737411499,0.6755866969815391,1.1111111111111112,0.8928571428571429,0.5229165523913537,83.35637149028078,75.56714575607211,254.0,83.9330453563715,81.06263498920087,87.69546436285098,galaksi_triangulum_galaxy_wide_field_2_features.json,158
Galaksi,122189.5,9454.323050498962,0.01717840651933925,1.3288888888888888,0.6341428604791771,0.8210322774330524,111.8890888050474,46.90990204454562,255.0,118.64622237722328,110.49808978789511,112.04361783075996,galaksi_triangulum_galaxy_wide_field_2_features.json,760
Yıldız,57.5,31.55634891986847,0.725611588129368,1.1,0.8984375,0.6653380364037679,68.56944444444444,68.2100160429555,253.0,83.22222222222221,68.66666666666666,62.73611111111111,galaksi_triangulum_galaxy_wide_field_3_features.json,17
Yıldız,251.5,69.69848418235779,0.650580717722726,1.3333333333333333,0.9095840867992767,0.7293369476299518,81.6148409893993,77.92215508597837,250.0,64.12014134275618,77.25795053003533,96.81625441696113,galaksi_triangulum_galaxy_wide_field_3_features.json,22
Yıldız,15.5,15.071067690849304,0.8575382908489095,1.2,0.96875,0.4788314301993499,83.34782608695652,65.51309772507305,249.0,77.56521739130434,82.04347826086956,88.52173913043478,galaksi_triangulum_galaxy_wide_field_3_features.json,122
Yıldız,8.0,11.656854152679443,0.7398388372977943,1.25,0.8888888888888888,0.5764127482939271,84.78571428571428,62.37350464446145,207.0,86.78571428571428,83.5,86.42857142857143,galaksi_triangulum_galaxy_wide_field_3_features.json,133
Galaksi,47402.5,4141.244181394577,0.03473357080783586,1.227891156462585,0.6786862243984852,0.8038045176765752,98.12478128179043,39.399250117159355,255.0,113.38756866734485,88.52675483214648,111.13141403865717,galaksi_triangulum_galaxy_wide_field_3_features.json,720
Yıldız,85.0,38.627416491508484,0.715875443435987,1.1818181818181819,0.9289617486338798,0.5755679275876843,72.80392156862744,68.39992535480481,254.0,77.47058823529412,71.3529411764706,73.8529411764706,galaksi_triangulum_galaxy_wide_field_3_features.json,823
Yıldız,15.0,15.313708305358887,0.8037858975970896,1.0,0.9375,0.729263042263347,76.04545454545455,64.604726306649,247.0,71.5909090909091,75.5909090909091,79.04545454545455,galaksi_triangulum_galaxy_wide_field_3_features.json,828
Yıldız,287.0,95.39696824550629,0.3962986701821309,1.2083333333333333,0.7265822784810126,0.6663880834581392,77.75840978593273,69.36165722858475,243.0,40.03669724770642,71.26605504587155,104.88073394495413,galaksi_triangulum_galaxy_wide_field_3_features.json,866
Yıldız,521.0,104.56854128837585,0.5987499468253772,0.8787878787878788,0.8860544217687075,0.62413467682191,57.040636042402824,50.34123953760002,249.0,53.71908127208481,52.57243816254417,66.91696113074205,galaksi_triangulum_galaxy_wide_field_4_features.json,254
Galaksi,47151.0,6221.945967078209,0.0153055274776081,1.095774647887324,0.5381244222275482,0.8232440415270014,84.302711932503,35.926356372997766,254.0,96.68507432703896,81.30895942145439,85.49168340699076,galaksi_triangulum_galaxy_wide_field_4_features.json,1294
Galaksi,2153.5,257.5807338953018,0.407875846024937,3.0588235294117645,0.8657286432160805,0.9571331389720495,54.59894226531512,47.20480885045452,221.0,53.90392243278978,52.88629352137506,58.31776112825033,galaksi_virgo_cluster_galaxies_2_features.json,114
Yıldız,56.5,27.5563485622406,0.935007237908808,1.1111111111111112,1.0,0.44630260737277744,51.95652173913044,52.334884528642455,220.0,39.2463768115942,49.231884057971016,62.231884057971016,galaksi_virgo_cluster_galaxies_2_features.json,164
Galaksi,906.0,155.19595766067505,0.4726909107172934,0.74,0.8327205882352942,0.8515964701240474,72.81603288797534,59.95916793118418,239.0,70.38951695786228,70.14388489208633,78.90853031860226,galaksi_virgo_cluster_galaxies_2_features.json,177
Galaksi,1302.5,178.81118202209473,0.5119154626852704,3.2083333333333335,0.9452104499274311,0.9530647092331326,56.596820809248555,49.95469787321037,214.0,53.391618497109825,52.93280346820809,65.0628612716763,galaksi_virgo_cluster_galaxies_2_features.json,532
Galaksi,2890.0,392.27416479587555,0.23600885285757314,0.717741935483871,0.7248557812891898,0.9846696993665669,148.82514734774068,41.807886271770826,253.0,121.43745907007204,134.1732154551408,188.018991486575,galaksi_virgo_cluster_galaxies_4_features.json,2898
Galaksi,1051.0,143.88224971294403,0.6379668912111482,2.230769230769231,0.9524241051200725,0.9008572893371427,167.97666068222622,23.399569445810574,241.0,142.97486535008977,161.11669658886893,190.12567324955117,galaksi_virgo_cluster_galaxies_features.json,636
Galaksi,28198.0,2239.537346124649,0.07064990010314236,0.7684563758389261,0.6916444891401661,0.8873061487182887,103.91200796183809,32.871487522458196,252.0,120.22588283743436,99.69902879302653,105.90699749476646,galaksi_yeni_galaksi_10_features.json,74
Galaksi,4219.5,813.1341166496277,0.08019485176911051,0.9920634920634921,0.4339040567638439,0.4806587231991709,119.36285902214428,46.70954175556384,252.0,110.79237009427757,112.47774610830959,136.11466783600088,galaksi_yeni_galaksi_14_features.json,111
Galaksi,1299.5,211.23758804798126,0.36596853531297485,1.0816326530612246,0.823510773130545,0.8138187738907248,68.02803738317758,37.3791068955529,221.0,74.79654924514738,66.69590222861251,68.19194823867721,galaksi_yeni_galaksi_15_features.json,174
Galaksi,12020.0,2256.9343180656433,0.02965353623056664,1.7352941176470589,0.5358535987339232,0.8794641905185852,101.07553429519328,49.93713280330732,253.0,102.16881413471182,98.09906643005941,106.603117043438,galaksi_yeni_galaksi_15_features.json,290
Galaksi,5057.0,707.0681021213531,0.1271101779833484,3.892857142857143,0.7222737984717561,0.9885104597442458,100.41745942921096,39.59002200717878,255.0,115.38052602126469,98.6398060063421,98.10818877075172,galaksi_yeni_galaksi_17_features.json,411
Galaksi,18299.0,2311.336338996887,0.04304383187838532,1.2277227722772277,0.5749701501916672,0.8150659642360896,133.4804130130234,38.43111630916486,254.0,131.64862761376017,130.82996938722565,139.40958854355833,galaksi_yeni_galaksi_1_features.json,149
Galaksi,59620.0,6286.112481594086,0.018959965378889356,1.049689440993789,0.5414978837804945,0.9445924167592774,81.22719899786404,42.39471068781103,255.0,81.57471855075723,73.09110764931665,97.05741403953941,galaksi_yeni_galaksi_4_features.json,152
Galaksi,107696.5,5237.0717269182205,0.049344006523664864,1.7236533957845432,0.7583192508097452,0.9735516077318012,101.21360786847062,42.3402100537044,254.0,120.06060578489085,99.04458314757021,98.29675088938829,galaksi_yeni_galaksi_5_features.json,149
Galaksi,87536.5,8374.554381132126,0.015684678749746495,1.332699619771863,0.6181868900156777,0.9739205566497554,79.32445283930552,38.40915498503675,254.0,73.34850265206839,73.78693403323047,92.45090653517971,galaksi_yeni_galaksi_6_features.json,670
Galaksi,5854.0,1076.513841509819,0.06347801617548418,2.317757009345794,0.5154984149348362,0.9827983968266284,117.47496038034866,52.509526029941256,254.0,128.33470681458004,118.26465927099842,111.77115689381934,galaksi_yeni_galaksi_8_features.json,484
Galaksi,6813.5,931.6782739162445,0.0986388926169204,4.641791044776119,0.6061023884712894,0.9915220520247559,155.40385148240512,46.750488449415194,253.0,154.14727071210862,149.49916874480468,167.46661124965365,galaksi_yeni_galaksi_9_features.json,29
Yıldız,20.5,17.071067690849304,0.8839798310353423,1.4,1.0,0.6645070211425683,66.89655172413794,37.713388117243014,178.0,61.89655172413793,65.89655172413794,70.89655172413794,gezegenler_jupiter_through_telescope_with_stars_3_features.json,1
Gezegen,460.0,79.5979790687561,0.9123544880092856,1.0833333333333333,0.9860664523043944,0.25747332850993304,186.03636363636363,34.29949333944326,249.0,179.6989898989899,190.3010101010101,179.97373737373738,gezegenler_jupiter_through_telescope_with_stars_3_features.json,5
Gezegen,44209.5,4034.2736172676086,0.034134595987003746,0.6917098445595855,0.563217805069145,0.7861678646070719,84.63224850782032,41.48320721755927,251.0,36.37583322441511,67.74702653247941,136.14754062649763,gezegenler_planet_in_star_field_3_features.json,1509
Gezegen,62134.5,3356.494840145111,0.06930597923729064,0.9387755102040817,0.7519787481241226,0.37505592484753164,122.14147247179518,57.231901519380116,254.0,156.45517914181863,129.71338882507513,94.23320692964926,gezegenler_planet_in_star_field_4_features.json,2211
Gezegen,301.5,110.32590115070343,0.31127354626938386,0.675,0.5614525139664804,0.5910321512849214,114.11428571428571,37.74672847021424,194.0,90.94857142857143,105.25428571428571,140.44,gezegenler_planet_in_star_field_features.json,236
Gezegen,315.5,77.69848430156708,0.6567258840029061,0.5862068965517241,0.911849710982659,0.7940447106612151,185.84615384615387,54.471396406899984,253.0,171.7891737891738,183.04558404558406,196.6923076923077,gezegenler_planet_in_star_field_features.json,316
Gezegen,1231.5,164.61017155647278,0.5711247028737378,0.9361702127659575,0.8715498938428875,0.6374471611505859,157.23791250959326,51.030066883265306,243.0,164.76745970836532,158.86185725249425,151.13200306983885,gezegenler_planet_in_star_field_features.json,369
Gezegen,5131.5,332.63455629348755,0.5827998992238058,0.8901098901098901,0.9284421928713588,0.5033219607578313,92.79601895734596,50.11441793162158,200.0,92.85402843601895,95.3527962085308,87.79488151658768,gezegenler_planet_in_star_field_features.json,490
Bulutsu,2348.0,398.47517597675323,0.18582554465886414,1.8970588235294117,0.6659103800340329,0.978916889577442,62.162430500397136,25.81179642643774,254.0,66.27839555202542,61.35266084193804,62.182684670373305,gezegenler_saturn_opposition_astrophotography_2_features.json,57
Bulutsu,3669.0,452.55843567848206,0.22511697622971116,1.6923076923076923,0.7491577335375191,0.9813614798516925,66.82482508421872,22.868301369007252,236.0,67.02435864213527,65.70510494946878,68.9979269240736,gezegenler_saturn_opposition_astrophotography_2_features.json,96
Gezegen,115767.5,3709.229903459549,0.10573749418651301,1.8125,0.8751800179167438,0.9396661233536602,106.41849326742799,42.98457469545148,253.0,90.70005965570138,105.39956536560423,114.42743310039202,gezegenler_saturn_opposition_astrophotography_2_features.json,131
Yıldız,66.5,31.55634891986847,0.8391855758365734,1.1,0.95,0.49005521669430047,57.23456790123456,50.002536134430414,247.0,45.888888888888886,52.098765432098766,71.65432098765432,gezegenler_saturn_opposition_astrophotography_2_features.json,144
Yıldız,134.5,44.38477599620819,0.8579541584229581,1.1538461538461537,0.96415770609319,0.5179626892869973,54.76129032258064,45.011981755537875,247.0,48.74193548387097,54.4,57.86451612903226,gezegenler_saturn_opposition_astrophotography_2_features.json,146
Gezegen,4121.0,610.2152923345566,0.13907411479371606,2.8125,0.7775471698113208,0.9433951476270614,118.7425381635908,57.586514641171455,251.0,117.59056732740943,119.66438824333561,117.36978810663021,gezegenler_saturn_opposition_astrophotography_3_features.json,0
Yıldız,48.5,26.727921724319458,0.8531418004367026,0.8,0.97,0.5866587200495835,118.03278688524591,79.38926037396415,254.0,122.8032786885246,116.34426229508198,119.13114754098362,gezegenler_saturn_opposition_astrophotography_4_features.json,0
Yıldız,46.5,26.727921843528748,0.8179606879676767,1.25,0.9393939393939394,0.5490569093047278,85.05084745762711,47.629724278805526,207.0,90.05084745762711,85.05084745762711,82.45762711864407,gezegenler_saturn_opposition_astrophotography_4_features.json,10
Gezegen,3712.0,556.5828219652176,0.1505768593987786,1.08,0.5023683854378129,0.9500311877696166,170.47057331303907,40.81190251303797,252.0,186.13876204972095,172.05606291222728,161.38736681887366,gezegenler_saturn_opposition_astrophotography_4_features.json,15
Yıldız,47.5,25.899494767189026,0.8898583689738269,1.125,0.979381443298969,0.43787023641203426,78.08333333333333,45.36859841588919,207.0,82.08333333333333,78.08333333333333,77.08333333333333,gezegenler_saturn_opposition_astrophotography_4_features.json,16
Gezegen,6094.0,542.4995610713959,0.26020373825782395,0.9047619047619048,0.8036927134849984,0.549324861695815,96.12381404174573,37.35300528804757,199.0,55.12713472485768,82.58301707779886,138.30645161290323,gezegenler_yeni_gezegen_10_features.json,12
Gezegen,209174.5,2300.1820125579834,0.4968144256858213,0.9961685823754789,0.9838389919594752,0.21975556836760682,102.29760505541253,33.854786048182916,219.0,21.426954903854845,71.60611655428715,193.42238675999636,gezegenler_yeni_gezegen_3_features.json,10
Gezegen,9.0,14.485281229019165,0.5390120952601716,1.5,0.782608695652174,0.8262754740226385,17.25,1.75,20.0,19.25,16.25,18.25,gezegenler_yeni_gezegen_7_features.json,37
Gezegen,4600.0,494.4163011312485,0.23647331158444584,1.1578947368421053,0.8588498879761016,0.4298483180422555,171.46956160398918,35.48075563629589,249.0,103.22252233534178,161.9696654892998,216.09391232079784,gezegenler_yeni_gezegen_7_features.json,152
Gezegen,7639.5,514.1147863864899,0.3632073343659282,0.9099099099099099,0.898870455347688,0.5656622261653632,62.13616696360397,21.954400733078696,168.0,40.762662255026726,48.845635021634,96.32692797149402,gezegenler_yeni_gezegen_8_features.json,31
Gezegen,18098.0,1571.8418301343918,0.09204978186525685,0.8299595141700404,0.7025893862339376,0.9056174031891524,52.31542193080655,34.7347818785233,232.0,35.17868756330295,41.024734793965564,81.00991524068448,gezegenler_yeni_gezegen_8_features.json,32
Gezegen,2352.0,394.81832206249237,0.1896062218737633,0.8285714285714286,0.7577319587628866,0.6574584134884951,163.30384767949226,27.000736416401075,224.0,97.85680285600952,150.51765172550574,213.26338754462515,gezegenler_yeni_gezegen_8_features.json,35
Gezegen,614.5,93.49747347831726,0.8833483466214634,0.9666666666666667,0.9746233148295004,0.23252751616111292,87.74961832061068,44.68958137038688,186.0,42.13587786259542,70.24122137404581,139.4732824427481,gezegenler_yeni_gezegen_8_features.json,37
Gezegen,1099.5,127.154327750206,0.8545604816573179,0.8333333333333334,0.9768991559306974,0.5959837974541343,118.32006920415225,44.14367442443723,233.0,60.00778546712803,113.06833910034602,150.8174740484429,gezegenler_yeni_gezegen_9_features.json,3
Gezegen,1546.0,179.33809304237366,0.6040519055351105,0.7368421052631579,0.916419679905157,0.8263706342943027,145.89155884165126,49.60703815340873,246.0,108.36968576709798,141.0437461491066,169.67837338262478,gezegenler_yeni_gezegen_9_features.json,11
Gezegen,353.0,73.94112467765808,0.811357892651711,0.84,0.9489247311827957,0.5729803372371065,141.89896373056996,77.14280982524834,251.0,82.7720207253886,145.0336787564767,158.33678756476684,gezegenler_yeni_gezegen_9_features.json,26
Gezegen,1136.5,137.15432751178741,0.7592071227844549,0.7446808510638298,0.9590717299578059,0.7446094749989112,75.389816360601,36.76368330953533,225.0,46.7737896494157,71.46911519198665,93.96744574290484,gezegenler_yeni_gezegen_9_features.json,39
Gürültü,11708.5,2216.068438887596,0.029960205445856824,1.157593123209169,0.6616093123128214,0.9970485213674313,176.70834991642124,24.378478787210877,252.0,208.28711295072833,174.1745602165088,169.63758656371886,gurultu_yeni_gurultu_1_features.json,2
Gürültü,515.5,229.63960921764374,0.12284145034044579,4.16,0.7348538845331433,0.9970069865459369,143.04180064308682,38.86353636114472,242.0,176.05144694533763,145.61254019292605,125.41318327974277,gurultu_yeni_gurultu_2_features.json,81
Gürültü,637.0,253.7644990682602,0.12430470449463922,1.9038461538461537,0.6809192944949225,0.9972493923756823,92.15302013422819,76.48584161391476,255.0,92.15302013422819,92.15302013422819,92.15302013422819,gurultu_yeni_gurultu_4_features.json,18
Gürültü,3750.0,483.78888499736786,0.2013396731329523,1.3934426229508197,0.8322237017310253,0.7606228370535678,75.9005301691492,80.1303451024169,255.0,75.9005301691492,75.9005301691492,75.9005301691492,gurultu_yeni_gurultu_5_features.json,36
Gürültü,4323.5,447.0609630346298,0.27183904055439284,1.3243243243243243,0.8019104145414078,0.7458424540666869,68.60004426737494,75.56924050608474,255.0,68.60004426737494,68.60004426737494,68.60004426737494,gurultu_yeni_gurultu_5_features.json,53
Gürültü,9.0,19.313708305358887,0.30319430358384647,0.8333333333333334,0.5625,0.7669212398685928,31.555555555555554,4.258615088163733,41.0,31.555555555555554,31.555555555555554,31.555555555555554,gurultu_yeni_gurultu_5_features.json,76
Gürültü,1021.5,227.379723072052,0.24828173326845637,2.2903225806451615,0.6909029421711194,0.9654237746905937,54.523681858802505,48.70018361577067,255.0,54.523681858802505,54.523681858802505,54.523681858802505,gurultu_yeni_gurultu_5_features.json,110
Gürültü,2543.0,614.6416963338852,0.08458866807177885,3.0545454545454547,0.5954806228778832,0.9893815514910842,57.69718560741004,47.95313963563022,255.0,57.69718560741004,57.69718560741004,57.69718560741004,gurultu_yeni_gurultu_5_features.json,168
Gürültü,2847.0,627.9554047584534,0.09072766329859805,2.8484848484848486,0.5734138972809668,0.9923797683446532,58.92682926829268,43.05229869218059,255.0,58.92682926829268,58.92682926829268,58.92682926829268,gurultu_yeni_gurultu_5_features.json,224
Gürültü,1555.0,375.3624782562256,0.13868789030812656,2.4791666666666665,0.5816345614363194,0.9850749729049634,53.71071012805588,44.581518269424265,255.0,53.71071012805588,53.71071012805588,53.71071012805588,gurultu_yeni_gurultu_5_features.json,271
Gürültü,9264.0,1362.5382260084152,0.06270627747868408,2.032608695652174,0.6764018691588785,0.9205260822859586,67.72337833722464,69.27004968504855,255.0,67.72337833722464,67.72337833722464,67.72337833722464,gurultu_yeni_gurultu_6_features.json,76
Gürültü,1091.5,250.35028564929962,0.21884539954873647,1.6511627906976745,0.6368144690781797,0.9370039617228136,56.623539232053425,45.97596105741893,255.0,56.623539232053425,56.623539232053425,56.623539232053425,gurultu_yeni_gurultu_6_features.json,139
Gürültü,1812.5,315.46298360824585,0.22887115761815005,2.1020408163265305,0.7123206916879544,0.973400595899058,62.630200308166415,37.49986984549835,243.0,62.630200308166415,62.630200308166415,62.630200308166415,gurultu_yeni_gurultu_6_features.json,189
Gürültü,1058.5,180.06601476669312,0.4102392605503316,1.7027027027027026,0.7958646616541354,0.9533487138367414,66.39153439153439,47.21706936153334,255.0,66.39153439153439,66.39153439153439,66.39153439153439,gurultu_yeni_gurultu_6_features.json,204
Gürültü,897.0,177.33809316158295,0.35842495411363323,1.6176470588235294,0.7274939172749392,0.8728599624274984,57.35868448098664,41.54391699363253,255.0,57.35868448098664,57.35868448098664,57.35868448098664,gurultu_yeni_gurultu_6_features.json,235
Yıldız,723.5,110.18376553058624,0.7488816323318693,1.0,0.9353587588881707,0.318562837696465,167.04263565891475,39.05332591326792,253.0,214.95090439276487,168.75710594315245,145.41085271317831,kuyruklu_yildiz_astrophotography_comet_nucleus_coma_tail_2_features.json,561
Kuyruklu Yıldız,11392.5,1202.2266082763672,0.09905039909817988,0.9315068493150684,0.7428599374021909,0.9979553518363603,116.32875442440587,30.20719858801063,237.0,150.7431316366088,127.8514242373167,80.6707399292095,kuyruklu_yildiz_astrophotography_comet_nucleus_coma_tail_2_features.json,978
Kuyruklu Yıldız,64719.5,7930.0304346084595,0.012932881826224298,1.1436170212765957,0.5652012540718034,0.48485101053438484,52.12897350020565,57.306301199668155,255.0,66.86205123685293,43.29333392091192,63.8783712321523,kuyruklu_yildiz_astrophotography_comet_nucleus_coma_tail_3_features.json,782
Kuyruklu Yıldız,16677.5,1654.4763828516006,0.07656312814139805,1.610958904109589,0.7066587572297197,0.9987368981821857,187.82743719751093,27.959290952884896,244.0,201.88073288776215,181.8673081355151,194.18604517169854,kuyruklu_yildiz_astrophotography_comet_nucleus_coma_tail_4_features.json,1683
Kuyruklu Yıldız,14451.5,1639.2560428380966,0.06758171439702879,0.4400630914826498,0.6947001562312222,0.9993826118974727,139.74257229631584,37.97899793647501,252.0,103.05189488973986,136.00237686517892,161.04463224613758,kuyruklu_yildiz_comet_photography_2_features.json,150
Kuyruklu Yıldız,24195.5,3418.082713365555,0.026024316343498867,0.9423963133640553,0.44917527591360124,0.976513253575146,79.29796954314722,43.832527648575194,255.0,75.73807106598986,78.99957048028115,81.22674736431082,kuyruklu_yildiz_comet_photography_3_features.json,984
Kuyruklu Yıldız,5949.0,1213.7097994089127,0.05074860586925105,3.3,0.6590959450476401,0.9968261883811023,47.306406685236766,20.0521963375035,151.0,81.44227793252863,47.49102445063448,33.97493036211699,kuyruklu_yildiz_comet_photography_4_features.json,1284
Kuyruklu Yıldız,8070.0,1386.9646315574646,0.05271723527536937,2.3902439024390243,0.6275760167975737,0.999298760966511,124.06279579822233,78.64260803813832,254.0,159.8218861826157,129.141059679095,100.46531224748932,kuyruklu_yildiz_comet_photography_4_features.json,1403
Yıldız,82.0,37.79898953437805,0.7212126507808069,1.0833333333333333,0.8913043478260869,0.28609512364890455,61.00000000000001,42.036540141532896,220.0,119.34343434343435,57.08080808080808,46.43434343434344,kuyruklu_yildiz_comet_photography_4_features.json,1653
Kuyruklu Yıldız,7458.0,824.5483310222626,0.1378478538975583,1.5344827586206897,0.7930246158753788,0.996218407693974,126.73491351697629,33.442519621739514,244.0,175.0304932735426,120.74644458680334,120.13235105701473,kuyruklu_yildiz_comet_photography_4_features.json,1716
Yıldız,480.0,184.50966596603394,0.17717924885288724,0.96,0.37839968466692947,0.5022782575527375,53.957142857142856,34.13562684949792,148.0,74.12857142857142,52.38392857142857,49.34642857142857,kuyruklu_yildiz_comet_photography_4_features.json,1817
Yıldız,9.5,12.242640614509583,0.7964953919549047,0.8,0.95,0.4934752235147374,67.375,52.52008544357101,194.0,67.375,66.375,68.375,kuyruklu_yildiz_comet_photography_features.json,69
Kuyruklu Yıldız,6074.0,667.3767598867416,0.1713730370793108,0.8275862068965517,0.7832366215344939,0.9942047487996859,113.77262693156733,48.91466340926843,254.0,57.50078839482813,94.25055187637969,173.5679596341848,kuyruklu_yildiz_comet_photography_features.json,296
Kuyruklu Yıldız,16916.5,2345.0592052936554,0.038655629815156134,1.269487750556793,0.5226545965736178,0.9983590885484496,48.5393773405623,24.108655408164143,248.0,59.5765468671399,49.5174109887653,42.34520149795987,kuyruklu_yildiz_comet_tail_wide_field_3_features.json,2686
Galaksi,207753.0,11888.671584248543,0.01847100421951825,0.732620320855615,0.6635303135554651,0.9554464363066036,91.15194871119968,38.050327538580135,255.0,113.23032487920435,92.7248726240388,79.62741826317472,yildiz_alanlari_andromeda_galaxy_wide_field_features.json,2088
Yıldız,66.0,43.79898953437805,0.43234019801095075,1.5454545454545454,0.8048780487804879,0.9516503559882277,130.08139534883722,10.119305882389753,154.0,173.0581395348837,140.09302325581396,94.90697674418604,yildiz_alanlari_comet_tail_stars_features.json,81
Gezegen,104501.0,7718.603697180748,0.02204209267716318,3.1054852320675104,0.6409040033118167,0.9665472909859365,146.65393379151925,56.849474007854276,254.0,178.4438228265501,155.62748930179137,116.93759841425688,yildiz_alanlari_comet_tail_stars_features.json,96
Kuyruklu Yıldız,17428.5,1658.4175089597702,0.07963099206513957,1.608355091383812,0.7244819487456613,0.9991271216231524,138.4289659743703,39.97627213425268,253.0,159.5851193106496,129.5724701723376,147.65692664604506,yildiz_alanlari_comet_tail_stars_features.json,702
Yıldız,727.0,123.5391035079956,0.5985981688686098,1.088235294117647,0.8737980769230769,0.4885663018536158,125.43260590500641,49.87343688852001,251.0,174.61874197689343,127.78947368421052,102.05263157894736,yildiz_alanlari_cygnus_wide_field_astrophotography_features.json,81
Yıldız,490.0,88.76955199241638,0.7814080625041813,1.12,0.937799043062201,0.4185422089289737,60.40188679245283,35.217689543997245,216.0,95.07924528301886,60.83773584905661,46.347169811320754,yildiz_alanlari_cygnus_wide_field_astrophotography_features.json,137
Yıldız,631.0,102.0832599401474,0.7609045173521827,0.8787878787878788,0.9313653136531366,0.5158454330293912,54.73224852071006,42.2277310274329,234.0,85.10502958579882,55.57100591715976,41.51923076923077,yildiz_alanlari_cygnus_wide_field_astrophotography_features.json,238
Yıldız,884.0,135.19595754146576,0.6077636433819158,1.1714285714285715,0.9364406779661016,0.5137135598911824,217.07120085015939,39.646742847684735,255.0,218.34750265674813,214.86078639744952,220.92348565356002,yildiz_alanlari_dense_star_cluster_3_features.json,18541
Yıldız,954.0,252.79393696784973,0.18759658643967814,1.4509803921568627,0.4614268440145103,0.722534695771275,49.18796992481203,63.196200677646125,255.0,55.376879699248114,48.764097744360896,47.68327067669173,yildiz_alanlari_dense_star_cluster_4_features.json,997
Yıldız,1769.0,621.7888844013214,0.05749787428437024,1.0909090909090908,0.1863478352470241,0.5951930104019494,79.31673987310883,56.83889125169911,255.0,112.73352855051245,83.25280624694973,58.89263055148853,yildiz_alanlari_dense_star_cluster_4_features.json,8179
Bulutsu,217603.0,21972.56524145603,0.0056638692246223825,1.1634615384615385,0.5486352382345081,0.8035745450110854,126.16001692741051,16.999037743028083,252.0,152.48862910015825,131.07951474756558,106.53133995441942,yildiz_alanlari_dense_star_cluster_features.json,11037
Yıldız,274.0,65.59797859191895,0.8001649306119158,0.8695652173913043,0.9448275862068966,0.54369834116591,68.42384105960265,52.67970657268327,251.0,69.40728476821192,54.764900662251655,94.87748344370861,yildiz_alanlari_object_features.json,983
Bulutsu,59364.5,6607.908502697945,0.01708475033283469,1.6009693053311793,0.3548131634311944,0.9825939954976273,59.460608499678045,34.62459318838305,255.0,70.29916291049581,57.314198325820996,59.51574372182872,yildiz_alanlari_object_features.json,1014
Yıldız,511.0,89.25483322143555,0.8060598298098632,1.037037037037037,0.9524697110904008,0.3764005124434829,56.64909090909091,35.31003654758425,237.0,101.61454545454545,58.094545454545454,36.68,yildiz_alanlari_orion_wide_field_astrophotography_features.json,19
Yıldız,698.5,101.15432798862457,0.8578420602659101,0.9393939393939394,0.9667820069204153,0.3700589600962077,94.45956873315365,43.35054703985844,242.0,163.00808625336927,102.00134770889488,53.55390835579515,yildiz_alanlari_orion_wide_field_astrophotography_features.json,57
Yıldız,576.0,91.25483274459839,0.8692017670640081,1.0357142857142858,0.972972972972973,0.30863514756446686,82.46103896103897,44.53032428288325,243.0,147.23214285714286,87.65097402597404,47.6737012987013,yildiz_alanlari_orion_wide_field_astrophotography_features.json,1152
Yıldız,49.5,27.55634891986847,0.8191656119497851,1.1111111111111112,0.9428571428571428,0.2358587253181067,71.04838709677419,70.34028520844221,221.0,71.04838709677419,70.12903225806451,72.04838709677419,yildiz_alanlari_sparse_star_fields_4_features.json,55
Yıldız,7.0,9.656854152679443,0.9432711667053002,1.0,1.0,0.0,105.25,66.93295775127028,230.0,105.25,105.25,105.25,yildiz_alanlari_sparse_star_fields_4_features.json,70
Yıldız,10.5,12.242640614509583,0.8803370121606843,1.25,1.0,0.6225731302686899,134.1764705882353,68.98698538310784,226.0,134.1764705882353,134.1764705882353,134.1764705882353,yildiz_alanlari_sparse_star_fields_4_features.json,76
Yıldız,6.5,10.242640614509583,0.778573021914597,1.0,0.9285714285714286,0.46511149490605896,109.83333333333333,70.46965461971715,230.0,109.83333333333333,109.83333333333333,109.83333333333333,yildiz_alanlari_sparse_star_fields_4_features.json,125
Yıldız,10.0,13.656854152679443,0.6737651151184011,1.0,0.8333333333333334,0.5771556045160381,122.23529411764706,84.10394787667762,255.0,122.23529411764706,122.23529411764706,122.23529411764706,yildiz_alanlari_sparse_star_fields_features.json,16
Yıldız,8.5,11.071067690849304,0.8714646546573355,1.25,1.0,0.6223782249793136,119.92857142857142,71.52867984813035,253.0,119.92857142857142,119.92857142857142,119.92857142857142,yildiz_alanlari_sparse_star_fields_features.json,19
Yıldız,20.0,16.485281229019165,0.9247985475540647,1.0,1.0,0.27106803470713126,77.35714285714285,78.61034750396335,254.0,79.21428571428571,79.21428571428571,73.67857142857143,yildiz_alanlari_sparse_star_fields_features.json,275
Yıldız,5.0,8.828427076339722,0.8061450660379307,1.3333333333333333,1.0,0.7861513519344983,111.10000000000001,76.09395508185915,239.0,113.10000000000001,112.10000000000001,108.10000000000001,yildiz_alanlari_sparse_star_fields_features.json,508
